X,Y,name,longitude,latitude,WKT,icon_url
38.90188,-10.94166,Lupaso,"38.9019","-10.9417",POINT Z (38.90188000000001 -10.94166000000001 0),
39.346616,-6.870964,Kasumo village,"39.3466","-6.87096",POINT Z (39.34661599999998 -6.870963999999988 0),
36.43079,-6.31057,Chamhawi Hill,"36.4308","-6.31057",POINT Z (36.43078999999999 -6.310570000000011 0),
31.84737,-2.28682,Pongo View,"31.8474","-2.28682",POINT Z (31.84737 -2.286820000000009 0),
31.953177,-2.408751,Bulongelo Hill,"31.9532","-2.40875",POINT Z (31.953177 -2.408750999999996 0),
31.012675,-1.025444,Bugango Hill,"31.0127","-1.02544",POINT Z (31.01267499999998 -1.025443999999986 0),
36.14796,-7.3734,Ngano Hill,"36.148","-7.3734",POINT Z (36.14796000000001 -7.373400000000004 0),
34.85104,-8.34368,Ikweha Hill,"34.851","-8.34368",POINT Z (34.85104000000001 -8.34368000000001 0),
35.66098,-8.75871,Mpanga Tazara P/S,"35.661","-8.75871",POINT Z (35.66098 -8.758710000000015 0),
38.618016,-10.418983,Mchonda 843 KJ,"38.618","-10.419",POINT Z (38.618016 -10.418983 0),
39.36933,-9.57781,Mnyangara Hill,"39.3693","-9.57781",POINT Z (39.36933000000001 -9.577810000000005 0),
38.76545,-10.78154,Matawale P/S,"38.7655","-10.7815",POINT Z (38.76544999999999 -10.78154 0),
38.771943,-7.089761,Kidugalo P/S,"38.7719","-7.08976",POINT Z (38.77194300000001 -7.089761000000014 0),
35.060599,-11.44556,Mpepo Hill,"35.0606","-11.4456",POINT Z (35.06059899999999 -11.44556000000001 0),
34.06254,-1.71485,Matongo P/S,"34.0625","-1.71485",POINT Z (34.06254 -1.714850000000003 0),
35.021766,-5.052966,Misughaa Hill,"35.0218","-5.05297",POINT Z (35.021766 -5.052965999999994 0),
33.928354,-9.65341,Itete,"33.9284","-9.65341",POINT Z (33.928354 -9.653410000000001 0),
32.054992,-2.290263,IBENDE(Kisaba),"32.055","-2.29026",POINT Z (32.05499199999998 -2.290263000000012 0),
31.10174,-6.43296,Makongolo Hill,"31.1017","-6.43296",POINT Z (31.10173999999999 -6.432960000000005 0),
31.44217,-7.23573,Ikulwe P/S,"31.4422","-7.23573",POINT Z (31.44216999999998 -7.235729999999984 0),
31.32224,-7.20417,Mbede Dispensary,"31.3222","-7.20417",POINT Z (31.32223999999999 -7.20417000000001 0),
30.40441,-6.73831,Ikola[DET IKOLA] Hill,"30.4044","-6.73831",POINT Z (30.40440999999997 -6.738310000000007 0),
32.47474,-6.78363,Ibelamafipa,"32.4747","-6.78363",POINT Z (32.47473999999999 -6.783629999999981 0),
32.15141,-6.67635,Songambele P/S,"32.1514","-6.67635",POINT Z (32.15140999999998 -6.676350000000014 0),
32.13649,-6.74333,Kamalampaka,"32.1365","-6.74333",POINT Z (32.13648999999999 -6.743330000000016 0),
32.01568,-6.79965,Kaulolo,"32.0157","-6.79965",POINT Z (32.01568000000001 -6.799649999999982 0),
32.03812,-6.60634,Kafuru P/S,"32.0381","-6.60634",POINT Z (32.03811999999999 -6.606339999999986 0),
31.3605,-7.68606,Milundikwa[847 KJ] Hill,"31.3605","-7.68606",POINT Z (31.36050000000001 -7.686060000000001 0),
31.17176,-8.57147,Kapele,"31.1718","-8.57147",POINT Z (31.17176000000002 -8.571470000000014 0),
32.78255,-8.88595,Itaka 845 KJ Hill,"32.7826","-8.88595",POINT Z (32.78255 -8.885950000000001 0),
35.93336,-5.6651,Solowu,"35.9334","-5.6651",POINT Z (35.93336 -5.665100000000002 0),
35.31102,-5.20493,Dinae,"35.311","-5.20493",POINT Z (35.31101999999997 -5.20492999999999 0),
35.71456,-5.54155,Humekwa,"35.7146","-5.54155",POINT Z (35.71456000000001 -5.541549999999993 0),
35.39386,-5.355,Motto Hill,"35.3939","-5.355",POINT Z (35.39385999999999 -5.35499999999999 0),
36.09393,-6.86151,Wiyenzele Hill,"36.0939","-6.86151",POINT Z (36.09393000000001 -6.861510000000015 0),
35.079417,-7.844472,Makifu,"35.0794","-7.84447",POINT Z (35.07941700000001 -7.844471999999993 0),
36.06142,-7.291252,Nyakavangala Dispensary,"36.0614","-7.29125",POINT Z (36.06142000000001 -7.29125199999999 0),
35.22419,-8.9617,Idete,"35.2242","-8.9617",POINT Z (35.22419 -8.961700000000016 0),
34.09002,-9.06386,Matenga P/S,"34.09","-9.06386",POINT Z (34.09002 -9.063860000000014 0),
34.31252,-9.4726,Maliwa Hill,"34.3125","-9.4726",POINT Z (34.31252000000002 -9.472600000000007 0),
34.94094,-10.11951,Ibumi,"34.9409","-10.1195",POINT Z (34.94094 -10.11951 0),
36.04293,-10.99037,Tuonane P/S,"36.0429","-10.9904",POINT Z (36.04293 -10.99037000000001 0),
36.93179,-11.5488,Wenje P/S,"36.9318","-11.5488",POINT Z (36.93178999999999 -11.5488 0),
34.80225,-10.94017,Mahilo Hill,"34.8023","-10.9402",POINT Z (34.80225 -10.94017000000001 0),
35.1036,-10.27732,Kingoli,"35.1036","-10.2773",POINT Z (35.10359999999999 -10.27732 0),
34.82592,-10.92193,Njombe P/S,"34.8259","-10.9219",POINT Z (34.82591999999999 -10.92193000000001 0),
34.47732,-8.57637,Mlembule P/S,"34.4773","-8.57637",POINT Z (34.47731999999998 -8.576370000000006 0),
34.85218,-8.16545,Nyamakuyu Hill,"34.8522","-8.16545",POINT Z (34.85218000000001 -8.165449999999996 0),
34.74852,-8.28372,Nyakazombe P/S,"34.7485","-8.28372",POINT Z (34.74852 -8.283719999999988 0),
30.81181,-7.88541,Lyapinda,"30.8118","-7.88541",POINT Z (30.81181 -7.885410000000008 0),
38.08014,-4.9733,Mpasilasi,"38.0801","-4.9733",POINT Z (38.08013999999999 -4.973299999999988 0),
37.61991,-5.04958,Saunyi Hill,"37.6199","-5.04958",POINT Z (37.61991 -5.049579999999992 0),
37.28918,-5.93204,Msamvu,"37.2892","-5.93204",POINT Z (37.28917999999999 -5.932040000000005 0),
37.43246,-2.91722,Endonet Hill,"37.4325","-2.91722",POINT Z (37.43245999999999 -2.917219999999983 0),
36.50672,-2.49281,Ngoswaki Hill,"36.5067","-2.49281",POINT Z (36.50672000000001 -2.492809999999992 0),
35.63187,-4.04284,Kokomay Hill,"35.6319","-4.04284",POINT Z (35.63186999999998 -4.042840000000019 0),
35.13297,-4.04537,Philipo Marmo Sec/s,"35.133","-4.04537",POINT Z (35.13296999999999 -4.045369999999999 0),
35.59141,-3.91473,Kainam Sec/School,"35.5914","-3.91473",POINT Z (35.59140999999998 -3.914729999999991 0),
37.02024,-4.06544,Losokonoi(LEMILEBO),"37.0202","-4.06544",POINT Z (37.02023999999999 -4.065439999999986 0),
36.93119,-4.33493,Lengejape Hill,"36.9312","-4.33493",POINT Z (36.93119000000003 -4.334929999999986 0),
36.95724,-4.23187,Irikunyinyi,"36.9572","-4.23187",POINT Z (36.95724000000002 -4.231869999999982 0),
37.30715,-4.91892,Kitwai B P/S,"37.3072","-4.91892",POINT Z (37.30715000000002 -4.918920000000007 0),
37.49045,-4.64832,Lerumo,"37.4905","-4.64832",POINT Z (37.49045000000002 -4.648320000000012 0),
36.34743,-5.00319,Katikati P/S,"36.3474","-5.00319",POINT Z (36.34743 -5.003189999999995 0),
37.03524,-5.83923,Olgira Hill,"37.0352","-5.83923",POINT Z (37.03523999999997 -5.839229999999988 0),
34.71387,-1.74275,Mbalibali P/S,"34.7139","-1.74275",POINT Z (34.71386999999999 -1.742750000000006 0),
30.5869,-4.52512,Sakwazi Hill,"30.5869","-4.52512",POINT Z (30.58690000000002 -4.525119999999985 0),
32.95382,-5.39937,Magua Hill,"32.9538","-5.39937",POINT Z (32.95381999999999 -5.399369999999997 0),
33.33622,-5.38213,Nyahua P/S,"33.3362","-5.38213",POINT Z (33.33621999999998 -5.382129999999991 0),
34.04328,-5.13798,Iyumbu P/S,"34.0433","-5.13798",POINT Z (34.04328000000002 -5.137979999999991 0),
35.18453,-6.58195,Mangoli P/S,"35.1845","-6.58195",POINT Z (35.18453000000001 -6.581950000000014 0),
36.90429,-6.40052,Ibani Hill(Nkobwe),"36.9043","-6.40052",POINT Z (36.90429000000001 -6.40052 0),
36.70442,-8.90431,Jungua Hill(Ruaha),"36.7044","-8.90431",POINT Z (36.70441999999998 -8.90431000000001 0),
38.95333611,-8.378744,Mwengei,"38.9533","-8.37874",POINT Z (38.95333611000002 -8.378744000000019 0),
39.04654,-8.39859,Pungutini,"39.0465","-8.39859",POINT Z (39.04654 -8.398590000000016 0),
38.86361,-8.43168,Nandete,"38.8636","-8.43168",POINT Z (38.86360999999999 -8.431680000000005 0),
39.1189,-8.4966,Muungano Dispensary,"39.1189","-8.4966",POINT Z (39.1189 -8.496600000000008 0),
39.23908,-9.88914,Mputwa,"39.2391","-9.88914",POINT Z (39.23908000000002 -9.88913999999999 0),
37.97594,-10.54105,Namatunu,"37.9759","-10.5411",POINT Z (37.97594000000002 -10.54105000000001 0),
38.3743,-10.17825,Lipuyu,"38.3743","-10.1783",POINT Z (38.3743 -10.17824999999999 0),
38.15424,-10.30915,NAHIMBA,"38.1542","-10.3092",POINT Z (38.15424000000003 -10.30914999999999 0),
38.785026,-10.843545,Navai PS,"38.785","-10.8435",POINT Z (38.785026 -10.843545 0),
39.06258,-8.32416,Tumbalio Hill,"39.0626","-8.32416",POINT Z (39.06258000000002 -8.324160000000004 0),
39.06366,-7.80527,Mangwi,"39.0637","-7.80527",POINT Z (39.06366000000001 -7.805270000000011 0),
39.18766,-7.88917,Mtunda B,"39.1877","-7.88917",POINT Z (39.18765999999998 -7.889170000000001 0),
39.07602,-7.92613,Muyuyu,"39.076","-7.92613",POINT Z (39.07602000000001 -7.926129999999992 0),
38.34688,-7.83666,Mtanza-Msona,"38.3469","-7.83666",POINT Z (38.34688000000001 -7.836659999999989 0),
39.71055,-5.29222,Mgelema,"39.7105","-5.29222",POINT Z (39.71055000000002 -5.292219999999994 0),
39.68395,-4.93546,Tondooni,"39.684","-4.93546",POINT Z (39.68395 -4.935460000000007 0),
36.66123,-3.30557,Kimnyaki,"36.6612","-3.30557",POINT Z (36.66122999999997 -3.305569999999989 0),
36.65603,-3.56468,Mbuyuni,"36.656","-3.56468",POINT Z (36.65602999999998 -3.564680000000016 0),
35.43092,-6.16148,Chikola Pr School,"35.4309","-6.16148",POINT Z (35.43092 -6.161480000000021 0),
35.54329,-5.47807,Bugenika,"35.5433","-5.47807",POINT Z (35.54329000000001 -5.478069999999993 0),
36.64271,-6.24945,Chang'ombe,"36.6427","-6.24945",POINT Z (36.64270999999999 -6.249449999999994 0),
35.44949,-6.37191,Chidilo,"35.4495","-6.37191",POINT Z (35.44949 -6.371910000000005 0),
31.78971,-3.00238,Kakora,"31.7897","-3.00238",POINT Z (31.78971000000001 -3.002379999999989 0),
35.35196,-8.09797,Limuli Hill,"35.352","-8.09797",POINT Z (35.35195999999999 -8.09797000000001 0),
31.81254,-1.21588,Bushagara,"31.8125","-1.21588",POINT Z (31.81254000000001 -1.215879999999996 0),
31.81046,-1.25232,Igombe,"31.8105","-1.25232",POINT Z (31.81046000000001 -1.252320000000007 0),
31.14543,-1.72917,Ihembe I,"31.1454","-1.72917",POINT Z (31.14543000000001 -1.729170000000013 0),
31.30261,-2.549353,Kitwechembigo,"31.3026","-2.54935",POINT Z (31.30261000000002 -2.549353000000003 0),
37.13303,-3.18894,Manio-Suumu Pr Sc,"37.133","-3.18894",POINT Z (37.13302999999998 -3.18894 0),
37.11076,-3.18853,Mae_Kibong'oto pr,"37.1108","-3.18853",POINT Z (37.11076 -3.188530000000009 0),
38.97689,-9.86203,Namkonjela,"38.9769","-9.86203",POINT Z (38.97689 -9.862030000000004 0),
33.53732,-2.1372,Haruzele,"33.5373","-2.1372",POINT Z (33.53731999999998 -2.137200000000012 0),
34.37796,-1.96238,Kitembere,"34.378","-1.96238",POINT Z (34.37796 -1.96237999999999 0),
32.69531,-8.51363,Isanzu,"32.6953","-8.51363",POINT Z (32.69530999999999 -8.513630000000003 0),
32.16463,-9.0575,Kapele Sec,"32.1646","-9.0575",POINT Z (32.16462999999997 -9.057500000000005 0),
33.94274,-9.59834,Kilwa,"33.9427","-9.59834",POINT Z (33.94274000000001 -9.598340000000004 0),
33.5444,-7.93356,Luwalaje,"33.5444","-7.93356",POINT Z (33.54440000000001 -7.933560000000003 0),
32.91563,-8.3852,Maleza,"32.9156","-8.3852",POINT Z (32.91562999999997 -8.385199999999998 0),
32.99968,-8.66679,Itindi,"32.9997","-8.66679",POINT Z (32.99968000000003 -8.666789999999995 0),
37.433781,-6.1263,Kinda,"37.4338","-6.1263",POINT Z (37.43378100000002 -6.126299999999986 0),
33.47175,-2.85453,Mwandu,"33.4718","-2.85453",POINT Z (33.47174999999999 -2.85453000000002 0),
33.35125,-8.93497,Kihesa,"33.3513","-8.93497",POINT Z (33.35125000000001 -8.934969999999998 0),
35.26355,-3.99693,Dirim,"35.2636","-3.99693",POINT Z (35.26355000000002 -3.99692999999999 0),
35.69299,-4.34519,Endanachan,"35.693","-4.34519",POINT Z (35.69298999999999 -4.345190000000001 0),
37.10995,-5.53981,Olkitikiti,"37.1099","-5.53981",POINT Z (37.10995000000001 -5.539809999999989 0),
35.63673,-4.20499,Singu,"35.6367","-4.20499",POINT Z (35.63673000000001 -4.204990000000002 0),
35.60551,-4.22518,Arri Pr Sch,"35.6055","-4.22518",POINT Z (35.60551 -4.225179999999986 0),
34.66382,-9.09786,Ihanja PS,"34.6638","-9.09786",POINT Z (34.66381999999997 -9.097859999999997 0),
33.47424,-2.45443,Ihale Pr School,"33.4742","-2.45443",POINT Z (33.47424000000002 -2.454429999999996 0),
33.11632,-3.41959,Itinje,"33.1163","-3.41959",POINT Z (33.11632000000002 -3.419589999999992 0),
33.10196,-4.24758,Shilla,"33.102","-4.24758",POINT Z (33.10196 -4.247579999999993 0),
37.30601,-5.69928,Masagalu hill,"37.306","-5.69928",POINT Z (37.30601000000002 -5.699279999999991 0),
38.63295,-5.02218,Misalai Hill,"38.633","-5.02218",POINT Z (38.63294999999999 -5.022179999999992 0),
38.46663,-5.00927,Mpale hill 2,"38.4666","-5.00927",POINT Z (38.46663000000001 -5.009269999999979 0),
38.17708,-4.75499,Magila,"38.1771","-4.75499",POINT Z (38.17707999999997 -4.754989999999988 0),
35.50328,-6.60241,CHIFUKULO,"35.5033","-6.60241",POINT Z (35.50328 -6.602409999999996 0),
38.22667,-10.37215,Mbondo,"38.2267","-10.3721",POINT Z (38.22667000000003 -10.37215 0),
38.32553,-10.37041,Chimbendenga,"38.3255","-10.3704",POINT Z (38.32553 -10.37041 0),
32.48519,-8.54994,Mazinde Hill,"32.4852","-8.54994",POINT Z (32.48519 -8.549939999999989 0),
36.89674,-6.98714,Nyameni,"36.8967","-6.98714",POINT Z (36.89673999999998 -6.987140000000003 0),
38.68225,-10.730944,Namajani,"38.6823","-10.7309",POINT Z (38.68225 -10.730944 0),
35.53811111,-3.68669444,Masizda,"35.5381","-3.68669",POINT Z (35.53811111 -3.686694439999991 0),
36.10587,-2.71615,Gelai Meirugoi,"36.1059","-2.71615",POINT Z (36.10587 -2.716150000000008 0),
35.42431,-3.67018,Gembakw,"35.4243","-3.67018",POINT Z (35.42431000000001 -3.670179999999987 0),
36.38748,-4.72937,Irukushbo,"36.3875","-4.72937",POINT Z (36.38748 -4.729369999999983 0),
35.53614,-2.39748,Lamnyani B Hill,"35.5361","-2.39748",POINT Z (35.53613999999998 -2.397480000000003 0),
36.67421,-4.67696,Makame (Tyakunini,"36.6742","-4.67696",POINT Z (36.67421 -4.676960000000012 0),
38.60374,-7.41073,Mtunani,"38.6037","-7.41073",POINT Z (38.60374000000002 -7.410729999999992 0),
38.89491,-7.73156,Kibiti RS,"38.8949","-7.73156",POINT Z (38.89491 -7.73156 0),
36.99332,-10.99631,Mbatamila,"36.9933","-10.9963",POINT Z (36.99332 -10.99630999999999 0),
37.77055,-10.94284,Tulieni,"37.7706","-10.9428",POINT Z (37.77055000000002 -10.94284 0),
37.35044,-11.60569,Makande,"37.3504","-11.6057",POINT Z (37.35044 -11.60569 0),
37.11287,-10.96621,Kitalo,"37.1129","-10.9662",POINT Z (37.11287 -10.96620999999999 0),
36.09608,-10.92485,Ligera,"36.0961","-10.9248",POINT Z (36.09608000000001 -10.92484999999999 0),
36.88511,-11.33343,Masuguru (Airtel),"36.8851","-11.3334",POINT Z (36.88510999999998 -11.33342999999999 0),
36.931806,-10.751972,Milonde,"36.9318","-10.752",POINT Z (36.93180599999999 -10.751972 0),
34.47773,-5.04754,Makilawa Dispensary,"34.4777","-5.04754",POINT Z (34.47773000000002 -5.047540000000006 0),
34.13457,-4.64842,Masimba,"34.1346","-4.64842",POINT Z (34.13457 -4.648419999999993 0),
38.87148,-5.41613,Mseko,"38.8715","-5.41613",POINT Z (38.87148000000001 -5.416130000000015 0),
35.6277,-4.71263,MWEMBENI - ULUMBU,"35.6277","-4.71263",POINT Z (35.62769999999999 -4.712629999999982 0),
35.74195,-4.83971944,TUMBELO HILL,"35.742","-4.83972",POINT Z (35.74195 -4.839719440000001 0),
36.12229,-4.79893,INDINDIRI TANGINI,"36.1223","-4.79893",POINT Z (36.12229000000001 -4.798930000000007 0),
35.19783333,-7.78127778,Idodi,"35.1978","-7.78128",POINT Z (35.19783333000001 -7.781277780000018 0),
35.06558889,-7.92701944,Mahuninga,"35.0656","-7.92702",POINT Z (35.06558889000003 -7.927019440000002 0),
38.8219,-9.96158056,Machang'anja HILL,"38.8219","-9.96158",POINT Z (38.82190000000001 -9.961580559999984 0),
38.80491944,-9.89743889,Chikwale,"38.8049","-9.89744",POINT Z (38.80491943999999 -9.897438889999993 0),
39.11751111,-9.90458889,Mchichili,"39.1175","-9.90459",POINT Z (39.11751111 -9.904588890000019 0),
32.68505556,-8.0645,Kapalala,"32.6851","-8.0645",POINT Z (32.68505555999998 -8.064500000000015 0),
32.82,-7.743361,Ngwala,"32.82","-7.74336",POINT Z (32.81999999999998 -7.743361 0),
37.05047222,-4.70438889,Loonderekes,"37.0505","-4.70439",POINT Z (37.05047222000002 -4.704388889999985 0),
37.18996944,-4.85223056,Kitwai,"37.19","-4.85223",POINT Z (37.18996943999998 -4.852230560000004 0),
36.49033889,-3.64816111,Naalarami 1,"36.4903","-3.64816",POINT Z (36.49033888999999 -3.648161109999999 0),
33.97295,-9.11389,Ujuni Hill,"33.9729","-9.11389",POINT Z (33.97295 -9.113890000000007 0),
34.07172222,-9.02794444,Ikuwo,"34.0717","-9.02794",POINT Z (34.07172221999999 -9.027944439999992 0),
37.75816,-10.74438,Liwangula,"37.7582","-10.7444",POINT Z (37.75816 -10.74438000000001 0),
36.82241111,-10.60535,Kalulu,"36.8224","-10.6053",POINT Z (36.82241110999998 -10.60534999999999 0),
36.46251111,-2.61976944,Mundarara,"36.4625","-2.61977",POINT Z (36.46251111000002 -2.619769440000006 0),
35.38626944,-6.87731944,CHINUGULU,"35.3863","-6.87732",POINT Z (35.38626944 -6.877319440000001 0),
35.30955,-6.76813,Manda Sec/s,"35.3096","-6.76813",POINT Z (35.30955 -6.768130000000019 0),
35.24021111,-8.08416111,Ufyambe,"35.2402","-8.08416",POINT Z (35.24021110999997 -8.084161110000004 0),
35.15491667,-8.77994444,Isaula,"35.1549","-8.77994",POINT Z (35.15491666999999 -8.779944440000005 0),
31.15763889,-1.82769444,RUGU PS,"31.1576","-1.82769",POINT Z (31.15763888999998 -1.827694439999983 0),
31.16778,-1.79119,MISHA,"31.1678","-1.79119",POINT Z (31.16777999999997 -1.791189999999996 0),
31.26155556,-2.65016667,KIRURUMO,"31.2616","-2.65017",POINT Z (31.26155556000001 -2.650166669999996 0),
38.03003889,-10.55978889,Kilimarondo Afya,"38.03","-10.5598",POINT Z (38.03003889 -10.55978888999999 0),
39.36523056,-9.17951944,Kiwawa,"39.3652","-9.17952",POINT Z (39.36523055999999 -9.179519440000014 0),
39.31626944,-9.05986944,Mchakama,"39.3163","-9.05987",POINT Z (39.31626944000001 -9.05986943999999 0),
37.83545,-9.53113056,Barikiwa,"37.8355","-9.53113",POINT Z (37.83545000000001 -9.531130560000001 0),
32.94303056,-8.53728056,Totowe,"32.943","-8.53728",POINT Z (32.94303056 -8.537280560000005 0),
38.00441667,-7.23455556,Kiganila,"38.0044","-7.23456",POINT Z (38.00441667 -7.234555559999993 0),
38.58868889,-10.63558056,Mkwapa,"38.5887","-10.6356",POINT Z (38.58868889000001 -10.63558056 0),
38.66052,-11.23874,Marumba Mbuyuni,"38.6605","-11.2387",POINT Z (38.66051999999997 -11.23874 0),
38.57606944,-11.13962,Namijati,"38.5761","-11.1396",POINT Z (38.57606943999999 -11.13962000000001 0),
33.51162,-2.46609,YITWIMILA �A�,"33.5116","-2.46609",POINT Z (33.51162000000001 -2.466090000000001 0),
37.27403,-3.74108,Olchoronyori,"37.274","-3.74108",POINT Z (37.27403000000003 -3.741080000000012 0),
35.14482778,-3.95576389,Yaeda Chini,"35.1448","-3.95576",POINT Z (35.14482778000001 -3.955763890000006 0),
35.24788889,-3.91238889,Mongo wa mono,"35.2479","-3.91239",POINT Z (35.24788889000002 -3.912388889999991 0),
36.62794444,-5.31775,Mbigiri,"36.6279","-5.31775",POINT Z (36.62794443999999 -5.317749999999986 0),
36.56422222,-5.44375,Namelok,"36.5642","-5.44375",POINT Z (36.56422222000001 -5.443749999999992 0),
36.56561944,-3.84081944,Loswaki,"36.5656","-3.84082",POINT Z (36.56561943999999 -3.840819439999992 0),
38.47013889,-7.85766111,Kipugira,"38.4701","-7.85766",POINT Z (38.47013888999997 -7.857661110000018 0),
37.5217,-10.85756111,Majimaji Darajani,"37.5217","-10.8576",POINT Z (37.52170000000001 -10.85756111000001 0),
36.65741111,-10.80188056,Hulia NICTBB,"36.6574","-10.8019",POINT Z (36.65741110999998 -10.80188055999999 0),
35.87836944,-10.25741111,Luhangano,"35.8784","-10.2574",POINT Z (35.87836943999999 -10.25741110999999 0),
35.37883056,-9.87171111,Madaba,"35.3788","-9.87171",POINT Z (35.37883055999997 -9.871711110000003 0),
35.23521,-11.41132,Matunduru Hill,"35.2352","-11.4113",POINT Z (35.23521000000001 -11.41131999999999 0),
33.9461,-6.08713,KIYOMBO,"33.9461","-6.08713",POINT Z (33.94610000000001 -6.087129999999994 0),
34.41855556,-3.70544444,MWONJORO SS,"34.4186","-3.70544",POINT Z (34.41855556000002 -3.705444440000014 0),
34.26864,-2.63435,NGE�SHA,"34.2686","-2.63435",POINT Z (34.26863999999999 -2.634350000000012 0),
34.239,-2.77761111,ZAGWA HILL,"34.239","-2.77761",POINT Z (34.239 -2.777611110000011 0),
33.68948889,-5.36803056,ALEX PS,"33.6895","-5.36803",POINT Z (33.68948889000001 -5.368030559999985 0),
32.939,-5.71041667,USUNGA MNADANI,"32.939","-5.71042",POINT Z (32.939 -5.710416670000001 0),
32.09122222,-5.17547222,NSENDA MLIMANI,"32.0912","-5.17547",POINT Z (32.09122222000001 -5.175472219999993 0),
32.33882,-5.24213,NSOGOLO PS,"32.3388","-5.24213",POINT Z (32.33882000000001 -5.242129999999994 0),
38.13733056,-5.22876944,Msempe Hill,"38.1373","-5.22877",POINT Z (38.13733056000002 -5.228769440000011 0),
38.13551111,-5.33261944,Kibaya,"38.1355","-5.33262",POINT Z (38.13551111 -5.332619439999993 0),
36.91634,-3.7286,Shambarai Hill,"36.9163","-3.7286",POINT Z (36.91633999999999 -3.728600000000006 0),
37.84845,-7.79428,RUBADA CAMPS,"37.8484","-7.79428",POINT Z (37.84845000000001 -7.794279999999986 0),
38.26743,-7.77994,MWASENI PS,"38.2674","-7.77994",POINT Z (38.26742999999998 -7.779940000000001 0),
37.90094,-7.80159,SERENA HOTEL,"37.9009","-7.80159",POINT Z (37.90094000000001 -7.801590000000003 0),
35.2628,-3.23744,Enduleni,"35.2628","-3.23744",POINT Z (35.2628 -3.237439999999998 0),
35.79178,-5.3346,Gwandi,"35.7918","-5.3346",POINT Z (35.79178000000001 -5.334599999999996 0),
35.3054,-5.13802,Manantu,"35.3054","-5.13802",POINT Z (35.3054 -5.138020000000003 0),
35.34312,-6.44122,Nondwa,"35.3431","-6.44122",POINT Z (35.34311999999998 -6.441219999999987 0),
35.97174,-5.2574,Ombili (Chemba),"35.9717","-5.2574",POINT Z (35.97174 -5.25739999999999 0),
35.23838,-5.18694,Ovada,"35.2384","-5.18694",POINT Z (35.23838000000002 -5.18694 0),
37.46333,-3.82477,Nyumba ya Mungu (Ngorika),"37.4633","-3.82477",POINT Z (37.46332999999999 -3.824769999999993 0),
37.9174,-10.4116,Kiegei,"37.9174","-10.4116",POINT Z (37.9174 -10.41159999999998 0),
33.66441,-8.43881,Shoga Hill (Chalangwa),"33.6644","-8.43881",POINT Z (33.66440999999999 -8.438809999999997 0),
36.5276,-8.511,Kidugalo,"36.5276","-8.511",POINT Z (36.52760000000001 -8.511000000000003 0),
37.1135,-5.8267,Lumotoi,"37.1135","-5.8267",POINT Z (37.11349999999997 -5.826699999999983 0),
37.9634,-7.0446,Tununguo,"37.9634","-7.0446",POINT Z (37.96340000000002 -7.044600000000008 0),
37.10199,-5.71551,Sunya,"37.102","-5.71551",POINT Z (37.10198999999999 -5.715510000000002 0),
35.22501,-11.00757,Kihungu,"35.225","-11.0076",POINT Z (35.22500999999998 -11.00756999999999 0),
36.33553,-10.58795,Mchomoro (Namtumbo),"36.3355","-10.5879",POINT Z (36.33553 -10.58795 0),
37.36158,-11.3835,Mwenge (Mchesi),"37.3616","-11.3835",POINT Z (37.36158000000002 -11.38349999999999 0),
36.9932,-11.45146,Nalasi,"36.9932","-11.4515",POINT Z (36.99319999999999 -11.45145999999999 0),
34.51744,-3.90034,Bukundi,"34.5174","-3.90034",POINT Z (34.51743999999999 -3.900340000000004 0),
33.165066,-3.482351,Kilulu,"33.1651","-3.48235",POINT Z (33.16506599999999 -3.482350999999995 0),
31.1796,-7.85549,Kate Hill UCSAF P. 3,"31.1796","-7.85549",POINT Z (31.17959999999999 -7.855489999999996 0),
37.08495,-11.58969,Nasomba P/S UCSAF P. 3,"37.0849","-11.5897",POINT Z (37.08495000000001 -11.58969 0),
38.886019,-11.158169,Mbangara UCSAF P. 3,"38.886","-11.1582",POINT Z (38.886019 -11.15816899999999 0),
33.828045,-8.422182,Msanga P/S UCSAF P. 3,"33.828","-8.42218",POINT Z (33.828045 -8.422181999999989 0),
35.941586,-6.65875,Mtumba,"35.9416","-6.65875",POINT Z (35.94158600000001 -6.658749999999998 0),
35.9734,-6.10592,VIKONJE,"35.9734","-6.10592",POINT Z (35.97340000000002 -6.105919999999989 0),
40.11046,-10.56752,Chawi Sec/S,"40.1105","-10.5675",POINT Z (40.11045999999999 -10.56752 0),
40.15803,-10.58074,Ngonja PS,"40.158","-10.5807",POINT Z (40.15802999999998 -10.58073999999998 0),
40.15242,-10.52083,Navikole P/S,"40.1524","-10.5208",POINT Z (40.15241999999999 -10.52082999999998 0),
40.14353,-10.60212,Bandari Hill,"40.1435","-10.6021",POINT Z (40.14353000000001 -10.60212000000001 0),
40.11399,-10.70195,Mayembe Chini Dispensary,"40.114","-10.702",POINT Z (40.11399000000002 -10.70195000000001 0),
39.90536,-10.69934,Mbembaleo P/S,"39.9054","-10.6993",POINT Z (39.90536 -10.69934 0),
39.9591,-10.71772,Mkahara P/S,"39.9591","-10.7177",POINT Z (39.95909999999999 -10.71771999999999 0),
39.78619,-10.47955,Mnima Sec/S,"39.7862","-10.4795",POINT Z (39.78618999999999 -10.47954999999999 0),
39.66031,-10.59523,Nyundo B p/s,"39.6603","-10.5952",POINT Z (39.66031000000002 -10.59523000000001 0),
39.72993,-10.66033,Niktekela P/S,"39.7299","-10.6603",POINT Z (39.72993000000001 -10.66032999999998 0),
38.36288,-9.42315,Kimambi,"38.3629","-9.42315",POINT Z (38.36287999999999 -9.423150000000003 0),
33.47433,-4.14345,Ngulu Mpakani,"33.4743","-4.14345",POINT Z (33.47432999999999 -4.143450000000007 0),
33.56886,-4.51507,Malagano P/S,"33.5689","-4.51507",POINT Z (33.56886000000002 -4.515069999999999 0),
33.60472,-4.74738,Igoweko Dispensary,"33.6047","-4.74738",POINT Z (33.60471999999999 -4.74737999999999 0),
33.71262,-4.796,Buhekela P/S,"33.7126","-4.796",POINT Z (33.71262000000001 -4.795999999999985 0),
31.05198,-8.12941,King'ombe P/S,"31.052","-8.12941",POINT Z (31.05198000000001 -8.129410000000007 0),
30.9722,-8.13333,Kala,"30.9722","-8.13333",POINT Z (30.97219999999999 -8.13333000000001 0),
31.06662,-8.23338,Mlambo,"31.0666","-8.23338",POINT Z (31.06661999999998 -8.233380000000006 0),
30.95457,-8.18223,Mpasa P/S,"30.9546","-8.18223",POINT Z (30.95456999999999 -8.182230000000011 0),
31.70035,-3.01363,Igando,"31.7004","-3.01363",POINT Z (31.70035000000002 -3.013630000000003 0),
35.41851,-7.87812,Igangidung'u S/S,"35.4185","-7.87812",POINT Z (35.41851 -7.878119999999988 0),
34.80328,-8.64705,Idunda Dispensary,"34.8033","-8.64705",POINT Z (34.80328000000001 -8.647050000000014 0),
34.74666,-8.42946,Kwatwanga PS,"34.7467","-8.42946",POINT Z (34.74665999999998 -8.429460000000015 0),
35.42513,-8.27641,Itimbo,"35.4251","-8.27641",POINT Z (35.42512999999999 -8.276409999999991 0),
30.330779,-3.87406,Kitanga PS,"30.3308","-3.87406",POINT Z (30.330779 -3.874059999999988 0),
39.35492,-8.63231,Mtoni P/S,"39.3549","-8.63231",POINT Z (39.35492000000001 -8.632309999999986 0),
39.60265,-10.51303,Chiuta Dispensary,"39.6026","-10.513",POINT Z (39.60264999999999 -10.51303000000001 0),
38.25608,-10.24498,Nahoro Dispensary,"38.2561","-10.245",POINT Z (38.25608000000001 -10.24497999999999 0),
37.91775,-9.89581,Likombora Dispensary,"37.9177","-9.89581",POINT Z (37.91775000000003 -9.89581000000001 0),
34.011665,-1.7289,Bumangi SS,"34.0117","-1.7289",POINT Z (34.01166499999998 -1.728900000000015 0),
34.34911,-1.39932,Kewamamba PS,"34.3491","-1.39932",POINT Z (34.34911 -1.399319999999991 0),
34.44296,-1.91991,Mosongo,"34.443","-1.91991",POINT Z (34.44295999999999 -1.919909999999996 0),
33.42693,-9.0224,Igale Hill,"33.4269","-9.0224",POINT Z (33.42693000000001 -9.022399999999994 0),
33.38138,-8.82432,Iwanza Hill,"33.3814","-8.82432",POINT Z (33.38138000000001 -8.824319999999993 0),
38.217,-6.67529,Matuli,"38.217","-6.67529",POINT Z (38.21699999999997 -6.675289999999999 0),
39.41437,-10.44895,Ngunja Dispensary,"39.4144","-10.4489",POINT Z (39.41436999999998 -10.44894999999999 0),
39.33387,-10.98839,Nanguruwe,"39.3339","-10.9884",POINT Z (39.33387 -10.98839000000002 0),
38.785026,-10.843545,Navai PS,"38.785","-10.8435",POINT Z (38.785026 -10.843545 0),
39.80133,-5.02724,Dodeani Shuleni,"39.8013","-5.02724",POINT Z (39.80133 -5.027240000000013 0),
39.81605,-5.05669,Mibiligini Kiungoni,"39.816","-5.05669",POINT Z (39.81604999999999 -5.056690000000006 0),
39.7456,-4.94276,Konde,"39.7456","-4.94276",POINT Z (39.74559999999999 -4.942759999999994 0),
39.03248,-7.62228,Nyambili,"39.0325","-7.62228",POINT Z (39.03247999999998 -7.622279999999999 0),
39.168875,-7.628191,Tomoni,"39.1689","-7.62819",POINT Z (39.16887500000002 -7.628190999999989 0),
39.31424,-8.10049,Mbuchi,"39.3142","-8.10049",POINT Z (39.31423999999999 -8.100490000000002 0),
35.77713,-10.55357,Mtakanini P/S,"35.7771","-10.5536",POINT Z (35.77713000000001 -10.55357000000001 0),
35.47985,-10.5197,Litowa,"35.4798","-10.5197",POINT Z (35.47985 -10.51969999999999 0),
33.893223,-2.738792,Mhango PS,"33.8932","-2.73879",POINT Z (33.89322300000001 -2.738791999999994 0),
33.941159,-3.240804,Suligi PS,"33.9412","-3.2408",POINT Z (33.94115900000002 -3.240803999999999 0),
33.814178,-3.437157,Busilili Dispensary,"33.8142","-3.43716",POINT Z (33.814178 -3.437157000000015 0),
34.133074,-3.268693,Mwandu Itinje PS,"34.1331","-3.26869",POINT Z (34.133074 -3.268693000000011 0),
34.317776,-3.015609,Mwashata PS,"34.3178","-3.01561",POINT Z (34.31777600000002 -3.015609000000017 0),
34.712666,-5.839668,Mbugani Mnadani,"34.7127","-5.83967",POINT Z (34.71266600000001 -5.839667999999998 0),
34.981569,-5.619225,Hika,"34.9816","-5.61923",POINT Z (34.98156899999999 -5.619224999999992 0),
32.71267,-8.91407,Hamwelo,"32.7127","-8.91407",POINT Z (32.71267 -8.91407 0),
33.04168,-8.85193,Iyenga,"33.0417","-8.85193",POINT Z (33.04167999999998 -8.851930000000001 0),
32.9243,-9.03191,Mbozi Mission,"32.9243","-9.03191",POINT Z (32.92430000000002 -9.031910000000005 0),
38.05768,-5.39322,Kwenjugo,"38.0577","-5.39322",POINT Z (38.05767999999999 -5.393220000000016 0),
37.98576,-5.21106,Msomera,"37.9858","-5.21106",POINT Z (37.98575999999998 -5.211059999999994 0),
37.30045,-5.8931,Lusane (Msamvu),"37.3004","-5.8931",POINT Z (37.30045000000002 -5.893099999999998 0),
36.58262,-2.49031,Sinonik,"36.5826","-2.49031",POINT Z (36.58261999999999 -2.490309999999996 0),
36.529651,-2.850759,Kiserian,"36.5297","-2.85076",POINT Z (36.52965100000001 -2.850759000000016 0),
35.338729,-6.599337,Chifutuka_PS,"35.3387","-6.59934",POINT Z (35.33872900000001 -6.599336999999991 0),
36.181821,-5.890549,Membe Hill,"36.1818","-5.89055",POINT Z (36.181821 -5.890548999999998 0),
36.088525,-4.753324,Keikei PS,"36.0885","-4.75332",POINT Z (36.088525 -4.753323999999992 0),
35.744858,-4.960432,Tungufu Hill,"35.7449","-4.96043",POINT Z (35.744858 -4.960431999999992 0),
30.863034,-1.622282,Kiregete PS,"30.863","-1.62228",POINT Z (30.86303400000001 -1.622282000000006 0),
30.925973,-1.850304,Masheli Hill,"30.926","-1.8503",POINT Z (30.92597300000001 -1.850304000000003 0),
30.985162,-1.848039,Bwikizo PS,"30.9852","-1.84804",POINT Z (30.98516200000001 -1.848039000000006 0),
31.051761,-2.954032,Nyamtukuza Hill,"31.0518","-2.95403",POINT Z (31.051761 -2.954032000000018 0),
37.4516,-3.74242,Nyabinda,"37.4516","-3.74242",POINT Z (37.45159999999999 -3.742420000000013 0),
33.66321,-8.93236,Usohamuungano P/S,"33.6632","-8.93236",POINT Z (33.66320999999998 -8.932359999999992 0),
33.72313,-8.83443,Ihango P/S,"33.7231","-8.83443",POINT Z (33.72312999999999 -8.834430000000006 0),
36.93753,-6.35819,Masenge Hill,"36.9375","-6.35819",POINT Z (36.93753000000002 -6.358189999999999 0),
38.458885,-7.042702,Usungura,"38.4589","-7.0427",POINT Z (38.458885 -7.042702 0),
38.06497,-6.82199,Kiwege Dispensary,"38.065","-6.82199",POINT Z (38.06497000000001 -6.82199 0),
38.01747,-6.71327,Kinonko,"38.0175","-6.71327",POINT Z (38.01747000000002 -6.713269999999991 0),
34.16007,-9.07031,Kigala P/S,"34.1601","-9.07031",POINT Z (34.16007 -9.070309999999997 0),
39.80812,-4.99016,Chanjaani Shuleni,"39.8081","-4.99016",POINT Z (39.80812000000002 -4.990160000000006 0),
37.02282,-10.70614,Jaribuni P/S,"37.0228","-10.7061",POINT Z (37.02282 -10.70614000000001 0),
37.45161,-10.97221,Cheleweni P/S,"37.4516","-10.9722",POINT Z (37.45161000000002 -10.97220999999999 0),
36.03246,-10.26134,Nangero P/S,"36.0325","-10.2613",POINT Z (36.03246000000001 -10.26133999999999 0),
36.13344,-10.2183,Nambecha Dispensary,"36.1334","-10.2183",POINT Z (36.13344000000002 -10.2183 0),
35.26369,-10.5077,Lugagara Hill,"35.2637","-10.5077",POINT Z (35.26369000000002 -10.50769999999999 0),
34.993573,-4.588468,Mdilu PS,"34.9936","-4.58847",POINT Z (34.993573 -4.588468000000015 0),
35.222396,-4.969062,Nduamughanga PS,"35.2224","-4.96906",POINT Z (35.222396 -4.969062000000013 0),
34.030899,-4.801326,Kaugeli PS,"34.0309","-4.80133",POINT Z (34.030899 -4.801325999999992 0),
32.249012,-5.223869,Isongwa PS,"32.249","-5.22387",POINT Z (32.24901199999999 -5.223869000000003 0),
